Model,Accuracy,Precision,Recall,F1-Score,ROC-AUC
Svm,0.8666666666666667,0.95,0.7916666666666666,0.8636363636363635,0.8313492063492064
Logistic Regression,0.8555555555555555,0.926829268292683,0.7916666666666666,0.8539325842696629,0.861359126984127
XGBoost,0.8444444444444444,0.8863636363636364,0.8125,0.8478260869565218,0.8851686507936508
Random Forest,0.8222222222222222,0.8636363636363636,0.7916666666666666,0.8260869565217391,0.894593253968254
